"","ID","Description","GeneRatio","BgRatio","pvalue","p.adjust","qvalue","geneID","Count"
"R-HSA-388396","R-HSA-388396","GPCR downstream signaling","161/1570","339/7582",1.21365349313589e-29,1.53284436183063e-26,1.28264011274572e-26,"ABR/ADCY4/ADCY6/ADCY7/ADCY8/ADCY9/ADCYAP1/ADCYAP1R1/ADORA1/ADRA1A/ADRA1B/ADRA1D/ADRA2A/ADRB1/ADRB2/AGT/AGTR1/AGTR2/AKAP13/AKT3/APLN/APLNR/ARHGEF10/ARHGEF15/ARHGEF17/ARHGEF2/ARHGEF3/ARHGEF38/ARHGEF6/ARRB1/ARRB2/C3/C3AR1/C5/C5AR1/CALCRL/CCL21/CCL23/CCL5/CCR1/CCR2/CCR4/CCR5/CCR7/CHRM1/CHRM2/CNR1/CSF2RA/CSF2RB/CXCL12/CXCL16/CXCL2/CXCL3/CXCL5/CXCR1/CXCR2/CXCR3/CXCR4/CXCR6/CYSLTR1/CYSLTR2/EDN1/EDN3/EDNRA/EDNRB/F2RL3/FFAR2/FGD2/FGD3/FGD4/FPR1/FPR2/FPR3/GAB2/GNA14/GNAI2/GNAQ/GNG11/GNG2/GNG7/GNGT2/GPBAR1/GPR132/GPR17/GPR4/GPR65/GRK5/IL2RB/IL2RG/IL3RA/ITPR1/ITPR2/JAK2/MGLL/NMUR1/NPY1R/P2RY10/P2RY13/P2RY14/PDE1A/PDE1B/PDE2A/PDE3A/PDE3B/PDE4A/PDE4B/PDE4C/LOC729966/PDE4D/PDE7B/PDE8B/PENK/PF4/PIK3CG/PIK3R1/PIK3R5/PLCB2/PPBP/PREX1/PRKCB/PRKCD/PRKCE/PRKCQ/PROK2/PTAFR/PTGDR/PTGER2/PTGER3/PTGER4/PTGFR/PTGIR/PTH1R/RAC2/RAMP2/RAMP3/RASGRP2/REEP1/REEP5/RGS11/RGS13/RGS16/RGS18/RGS2/RGS22/RGS3/RGS5/RGS9/RHOB/RXFP1/S1PR1/S1PR2/S1PR4/SCTR/SSTR1/SUCNR1/TACR1/TBXA2R/TRPC6/VAV1/VIP/VIPR1",161
"R-HSA-198933","R-HSA-198933","Immunoregulatory interactions between a Lymphoid and a non-Lymphoid cell","66/1570","93/7582",1.25412625763923e-25,7.91980731699175e-23,6.62706717194626e-23,"C3/CD1C/CD1D/CD22/CD226/CD247/CD300A/CD300C/CD300E/CD300LB/CD300LF/CD300LG/CD33/CD34/CD3D/CD3E/CD3G/CD81/CD8A/CD96/CRTAM/FCGR1A/FCGR2B/FCGR3A/HCST/HLA-B/HLA-C/HLA-E/HLA-F/HLA-G/ICAM1/ICAM2/ICAM3/ICAM5/ITGA4/ITGAL/ITGB2/KLRB1/KLRD1/KLRF1/LAIR1/LILRA1/LILRA2/LILRA5/LILRA6/LILRB1/LILRB2/LILRB3/LOC102725035/LOC107987425/LOC107987462/LILRB5/OSCAR/SELL/SFTPD/SH2D1A/SH2D1B/SIGLEC1/SIGLEC12/SIGLEC7/SIGLEC8/SIGLEC9/SLAMF6/TREM1/TREM2/TYROBP",66
"R-HSA-373076","R-HSA-373076","Class A/1 (Rhodopsin-like receptors)","83/1570","144/7582",1.32617821867242e-22,5.58321030061087e-20,4.671869935253e-20,"ADORA1/ADRA1A/ADRA1B/ADRA1D/ADRA2A/ADRB1/ADRB2/AGT/AGTR1/AGTR2/APLN/APLNR/C3/C3AR1/C5/C5AR1/CCL13/CCL21/CCL23/CCL5/CCR1/CCR2/CCR4/CCR5/CCR7/CCRL2/CHRM1/CHRM2/CNR1/CX3CL1/CX3CR1/CXCL12/CXCL16/CXCL2/CXCL3/CXCL5/CXCR1/CXCR2/CXCR3/CXCR4/CXCR6/CYSLTR1/CYSLTR2/EDN1/EDN3/EDNRA/EDNRB/F2RL3/FFAR2/FPR1/FPR2/FPR3/GPBAR1/GPR132/GPR17/GPR183/GPR39/GPR4/GPR65/NMUR1/NPY1R/P2RY10/P2RY13/P2RY14/PENK/PF4/PPBP/PROK2/PTAFR/PTGDR/PTGER2/PTGER3/PTGER4/PTGFR/PTGIR/RXFP1/S1PR1/S1PR2/S1PR4/SSTR1/SUCNR1/TACR1/TBXA2R",83
"R-HSA-500792","R-HSA-500792","GPCR ligand binding","102/1570","204/7582",4.07541962334527e-21,1.28681374607127e-18,1.07676876364175e-18,"ADCYAP1/ADCYAP1R1/ADORA1/ADRA1A/ADRA1B/ADRA1D/ADRA2A/ADRB1/ADRB2/AGT/AGTR1/AGTR2/APLN/APLNR/C3/C3AR1/C5/C5AR1/CALCRL/CCL13/CCL21/CCL23/CCL5/CCR1/CCR2/CCR4/CCR5/CCR7/CCRL2/CD55/CHRM1/CHRM2/CNR1/CX3CL1/CX3CR1/CXCL12/CXCL16/CXCL2/CXCL3/CXCL5/CXCR1/CXCR2/CXCR3/CXCR4/CXCR6/CYSLTR1/CYSLTR2/EDN1/EDN3/EDNRA/EDNRB/F2RL3/FFAR2/FPR1/FPR2/FPR3/FZD4/FZD5/GNG11/GNG2/GNG7/GNGT2/GPBAR1/GPR132/GPR17/GPR183/GPR39/GPR4/GPR65/NMUR1/NPY1R/P2RY10/P2RY13/P2RY14/PENK/PF4/PPBP/PROK2/PTAFR/PTGDR/PTGER2/PTGER3/PTGER4/PTGFR/PTGIR/PTH1R/RAMP2/RAMP3/RXFP1/S1PR1/S1PR2/S1PR4/SCTR/SHH/SSTR1/SUCNR1/TACR1/TBXA2R/WNT2/WNT3A/WNT7A/WNT9A",102
"R-HSA-166658","R-HSA-166658","Complement cascade","29/1570","34/7582",1.10975742287662e-15,2.80324725018635e-13,2.34567674224869e-13,"C1QA/C1QB/C1QC/C2/C3/C3AR1/C4A/C4BPA/C4BPB/C5/C5AR1/C6/C7/C8B/CD55/CD59/CFD/CFH/CFI/CFP/CLU/CR1/FCN1/FCN3/GZMM/MASP1/MASP2/PROS1/VTN",29
"R-HSA-6798695","R-HSA-6798695","Neutrophil degranulation","159/1570","433/7582",1.74258306813372e-15,3.66813735842148e-13,3.06939193053729e-13,"AGPAT2/ALDH3B1/ALOX5/ANO6/ANPEP/ARG1/ARHGAP9/ASAH1/ATP11A/ATP8A1/AZU1/BPI/BRI3/BST1/BST2/C3/C3AR1/C5AR1/CAT/CD14/CD300A/CD33/CD36/CD47/CD53/CD55/CD59/CD63/CD68/CD93/CEACAM3/CEACAM6/CFD/CFP/CHIT1/CLEC12A/CLEC4D/COTL1/CR1/CRISP3/CRISPLD2/CST3/CTSD/CTSG/CTSH/CTSS/CTSZ/CXCR1/CXCR2/CYBA/CYBB/DEFA4/DOCK2/DOK3/ELANE/ENPP4/FCAR/FCER1G/FCGR2A/FCGR2C/FCGR3B/FCN1/FGL2/FGR/FOLR3/FPR1/FPR2/FUCA1/GCA/GMFG/GRN/HBB/HK3/HLA-B/HLA-C/HP/HVCN1/IQGAP2/ITGAL/ITGAM/ITGAX/ITGB2/KCNAB2/LAIR1/LGALS3/LILRB2/LILRB3/LOC102725035/LOC107987425/LOC107987462/LPCAT1/LRG1/LTA4H/LYZ/METTL7A/MGAM/MME/MMP25/MNDA/MPO/MVP/NCKAP1L/NFAM1/NFASC/NPC2/OLR1/ORM1/ORM2/OSCAR/P2RX1/PGLYRP1/PGM1/PIGR/PLAC8/PLEKHO2/PPBP/PRKCD/PRTN3/PTAFR/PTPRB/PTPRC/PTPRJ/PTPRN2/PTX3/QSOX1/RAB27A/RAB31/RAB37/RAP1A/RETN/RHOF/S100A12/SDCBP/SELL/SERPINA1/SERPINB1/SERPINB6/SIGLEC14/SIGLEC9/SIRPA/SIRPB1/SLC11A1/SLC2A3/SLC44A2/SLCO4C1/SLPI/SPTAN1/STK10/STOM/SVIP/TBC1D10C/TCIRG1/TIMP2/TLR2/TMEM173/TNFRSF1B/TYROBP/UNC13D/VAT1",159
"R-HSA-418594","R-HSA-418594","G alpha (i) signalling events","64/1570","123/7582",9.55248942927006e-15,1.72354202130973e-12,1.4422104341334e-12,"ADCY4/ADCY6/ADCY7/ADCY8/ADCY9/ADORA1/ADRA2A/AGT/AGTR2/APLN/APLNR/C3/C3AR1/C5/C5AR1/CCL21/CCL23/CCL5/CCR1/CCR2/CCR4/CCR5/CCR7/CHRM2/CNR1/CXCL12/CXCL16/CXCL2/CXCL3/CXCL5/CXCR1/CXCR2/CXCR3/CXCR4/CXCR6/FPR1/FPR2/FPR3/GNAI2/GNG11/GNG2/GNG7/GNGT2/GPR17/NMUR1/NPY1R/P2RY13/P2RY14/PENK/PF4/PPBP/PTGER3/RGS11/RGS13/RGS16/RGS18/RGS22/RGS5/RGS9/S1PR1/S1PR2/S1PR4/SSTR1/SUCNR1",64
"R-HSA-375276","R-HSA-375276","Peptide ligand-binding receptors","48/1570","85/7582",3.94345666814257e-13,6.22573221483009e-11,5.20951380896729e-11,"AGT/AGTR1/AGTR2/APLN/APLNR/C3/C3AR1/C5/C5AR1/CCL13/CCL21/CCL23/CCL5/CCR1/CCR2/CCR4/CCR5/CCR7/CCRL2/CX3CL1/CX3CR1/CXCL12/CXCL16/CXCL2/CXCL3/CXCL5/CXCR1/CXCR2/CXCR3/CXCR4/CXCR6/EDN1/EDN3/EDNRA/EDNRB/F2RL3/FPR1/FPR2/FPR3/NMUR1/NPY1R/PENK/PF4/PPBP/PROK2/RXFP1/SSTR1/TACR1",48
"R-HSA-977606","R-HSA-977606","Regulation of Complement cascade","19/1570","21/7582",1.26639005872426e-11,1.77716738240972e-09,1.48708259527387e-09,"C2/C3/C3AR1/C4A/C4BPA/C4BPB/C5/C5AR1/C6/C7/C8B/CD55/CD59/CFH/CFI/CFP/CR1/PROS1/VTN",19
"R-HSA-202427","R-HSA-202427","Phosphorylation of CD3 and TCR zeta chains","18/1570","20/7582",5.5903993987982e-11,7.06067444068212e-09,5.90816946988778e-09,"CD247/CD3D/CD3E/CD3G/CD4/HLA-DPA1/HLA-DPB1/HLA-DQA1/HLA-DQA2/HLA-DQB1/HLA-DQB2/HLA-DRA/HLA-DRB1/HLA-DRB5/PAG1/PTPN22/PTPRC/PTPRJ",18
"R-HSA-76002","R-HSA-76002","Platelet activation, signaling and aggregation","91/1570","234/7582",7.79265772616066e-11,8.94738791649174e-09,7.48691708810077e-09,"A2M/ACTN2/ADRA2A/AKT3/ANXA5/APBB1IP/APLP2/ARRB1/ARRB2/CD36/CD63/CFD/CLEC3B/CLU/CSF2RA/CSF2RB/CTSW/F13A1/F2RL3/F8/FCER1G/FERMT3/FGA/FGG/FN1/FYN/GAB2/GAS6/GNA14/GNAI2/GNAQ/GNG11/GNG2/GNG7/GNGT2/HGF/IGF1/IL2RB/IL2RG/IL3RA/ITGB3/ITIH3/ITPR1/ITPR2/JAK2/LCP2/LEFTY2/LHFPL2/MAPK3/MGLL/MMRN1/ORM1/ORM2/PDGFB/PF4/PHACTR2/PIK3CG/PIK3R1/PIK3R5/PLCG2/PLEK/PPBP/PRKCB/PRKCD/PRKCE/PRKCQ/PRKCZ/PROS1/QSOX1/RAC2/RAP1A/RAPGEF3/RAPGEF4/RARRES2/RASGRP2/RHOB/SELP/SERPINA1/SERPINF2/SERPING1/SRGN/TBXA2R/TGFB2/THBS1/TIMP3/TLN1/TRPC6/TTN/VAV1/VEGFC/VWF",91
"R-HSA-418555","R-HSA-418555","G alpha (s) signalling events","42/1570","78/7582",9.4377771760831e-11,9.93326047782746e-09,8.3118669164802e-09,"ADCY4/ADCY6/ADCY7/ADCY8/ADCY9/ADCYAP1/ADCYAP1R1/ADRB1/ADRB2/ARRB1/ARRB2/CALCRL/GNAI2/GNG11/GNG2/GNG7/GNGT2/GPBAR1/GRK5/PDE1A/PDE1B/PDE2A/PDE3A/PDE3B/PDE4A/PDE4B/PDE4C/LOC729966/PDE4D/PDE7B/PDE8B/PTGDR/PTGER2/PTGER4/PTGIR/PTH1R/RAMP2/RAMP3/RXFP1/SCTR/VIP/VIPR1",42
"R-HSA-202430","R-HSA-202430","Translocation of ZAP-70 to Immunological synapse","16/1570","17/7582",1.47429094509052e-10,1.43233035665333e-08,1.19853288167683e-08,"CD247/CD3D/CD3E/CD3G/CD4/HLA-DPA1/HLA-DPB1/HLA-DQA1/HLA-DQA2/HLA-DQB1/HLA-DQB2/HLA-DRA/HLA-DRB1/HLA-DRB5/PTPN22/ZAP70",16
"R-HSA-202433","R-HSA-202433","Generation of second messenger molecules","22/1570","30/7582",8.21634443264661e-10,7.41231644173762e-08,6.20241339126105e-08,"CD101/CD247/CD3D/CD3E/CD3G/CD4/EVL/GRAP2/HLA-DPA1/HLA-DPB1/HLA-DQA1/HLA-DQA2/HLA-DQB1/HLA-DQB2/HLA-DRA/HLA-DRB1/HLA-DRB5/ITK/LCP2/PAK3/WAS/ZAP70",22
"R-HSA-449147","R-HSA-449147","Signaling by Interleukins","140/1570","433/7582",3.56566620547431e-09,3.00229094500937e-07,2.51223078617277e-07,"ACTN2/ALOX15/ALOX5/ANGPT1/APBB1IP/ARRB1/ARRB2/BTC/CASP1/CCL2/CCL3/CCL4/CCL5/CCR1/CCR2/CCR5/CD36/CD4/CD80/CD86/CEBPD/CNKSR2/CNTFR/CSF1/CSF1R/CSF2RA/CSF2RB/CSF3/CSF3R/CTF1/CXCL2/DUSP1/DUSP6/DUSP8/ERBB4/EREG/F13A1/FGA/FGF10/FGF18/FGF2/FGF7/FGF9/FGFR4/FGG/FLT3/FN1/FOS/FPR1/FYN/GAB2/GFRA1/GFRA2/HAVCR2/HBEGF/HCK/HGF/HMOX1/ICAM1/IL10RA/IL11RA/IL12RB1/IL15/IL15RA/IL16/IL17RE/IL18BP/IL18R1/IL18RAP/IL1B/IL1R1/IL1RL1/IL2RB/IL2RG/IL32/IL33/IL34/IL3RA/IL4R/IL6/IL6R/IL6ST/IL7/IL7R/INPP5D/IRAK3/ITGAM/ITGAX/ITGB2/ITGB3/JAK2/JUNB/KIT/KL/LGALS9/LIF/LIFR/MAOA/MAP3K3/MAP3K8/MAPK3/MCL1/MUC1/MYD88/NCAM1/NDN/NOD1/PDGFB/PDGFRA/PDGFRB/PIK3R1/PRTN3/PTAFR/PTGS2/RAP1A/RAPGEF2/RASA3/RASAL3/RASGRF1/RASGRP3/RASGRP4/RHOU/RORC/S1PR1/SHC2/SHC3/SOCS3/SPRED1/SPTAN1/SPTBN1/STAT5A/TEC/TEK/TLN1/TNF/TNFRSF1B/VAV1/VIM/VWF/ZEB1",140
"R-HSA-380108","R-HSA-380108","Chemokine receptors bind chemokines","23/1570","34/7582",4.26870504369529e-09,3.36960904386697e-07,2.819592015704e-07,"CCL13/CCL21/CCL5/CCR1/CCR2/CCR4/CCR5/CCR7/CCRL2/CX3CL1/CX3CR1/CXCL12/CXCL16/CXCL2/CXCL3/CXCL5/CXCR1/CXCR2/CXCR3/CXCR4/CXCR6/PF4/PPBP",23
"R-HSA-397014","R-HSA-397014","Muscle contraction","61/1570","148/7582",8.4348137140512e-09,6.26657042402745e-07,5.24368604885907e-07,"ABCC9/ACTA2/ACTC1/ACTG2/ACTN2/ANXA6/ATP1A2/ATP1B2/ATP2A3/CACNA1C/CACNA1D/CACNA2D2/CACNB2/CACNB4/CACNG4/CALD1/CASQ2/CLIC2/CORIN/DES/DMD/DYSF/FGF14/FXYD1/FXYD6/HIPK1/ITGA1/ITPR1/ITPR2/KAT2B/KCND3/KCNE1/KCNJ12/KCNK17/KCNK3/KCNK5/KCNQ1/LMOD1/MYH11/MYL9/MYLK/NOS1/NPR1/PLN/RYR2/SCN1A/SCN2B/SCN3B/SCN4B/SCN7A/SLC8A1/SORBS1/SORBS3/TBX5/TLN1/TMOD1/TMOD2/TNNC1/TNNI2/TTN/VIM",61
"R-HSA-202733","R-HSA-202733","Cell surface interactions at the vascular wall","48/1570","106/7582",9.1669930829204e-09,6.43217347984915e-07,5.382257927048e-07,"ANGPT1/ATP1B2/CAV1/CD2/CD244/CD47/CD48/CD74/CD84/CD99L2/CEACAM3/CEACAM6/DOK2/ESAM/FCER1G/FN1/FYN/GAS6/GYPC/INPP5D/ITGA3/ITGA4/ITGAL/ITGAM/ITGAX/ITGB2/ITGB3/JAM2/JAM3/OLR1/PF4/PIK3R1/PROS1/LOC105369247/SDC2/SDC4/SELE/SELL/SELP/SELPLG/SIRPA/SLC7A7/SPN/TEK/THBD/TNFRSF10D/TREM1/TSPAN7",48
"R-HSA-1474244","R-HSA-1474244","Extracellular matrix organization","89/1570","251/7582",2.71444315492041e-08,1.80439037087604e-06,1.5098620097175e-06,"A2M/ADAMTS1/ADAMTS8/ADAMTS9/BMP2/BMP4/CAPN13/CAPN2/CAPN3/CAPN6/CAPN8/CAPN9/CD151/CD47/CEACAM6/COL13A1/COL14A1/COL21A1/COL4A3/COL4A4/COL6A6/COL8A1/CTSD/CTSG/CTSS/DCN/DDR2/DMD/EFEMP1/EFEMP2/ELANE/ELN/EMILIN2/FBLN1/FBLN5/FBN3/FGA/FGF2/FGG/FMOD/FN1/ICAM1/ICAM2/ICAM3/ICAM5/ITGA1/ITGA10/ITGA3/ITGA4/ITGA7/ITGA8/ITGA9/ITGAL/ITGAM/ITGAX/ITGB2/ITGB3/ITGB6/LOC100505984/JAM2/JAM3/KDR/LAMA2/LAMA4/LAMB2/LAMC3/LTBP2/LTBP4/LUM/MATN3/MFAP4/MMP19/MMP24/MMP25/NCAM1/NTN4/PCOLCE2/PDGFB/SDC2/SDC4/TGFB2/THBS1/TIMP2/TLL1/TNR/TNXB/TPSAB1/VTN/VWF",89
"R-HSA-389948","R-HSA-389948","PD-1 signaling","16/1570","21/7582",7.48620249371504e-08,4.72753687478104e-06,3.95586700194205e-06,"CD247/CD274/CD3D/CD3E/CD3G/CD4/HLA-DPA1/HLA-DPB1/HLA-DQA1/HLA-DQA2/HLA-DQB1/HLA-DQB2/HLA-DRA/HLA-DRB1/HLA-DRB5/PDCD1LG2",16
"R-HSA-416476","R-HSA-416476","G alpha (q) signalling events","47/1570","109/7582",8.49784183709869e-08,5.11084487631221e-06,4.27660812252987e-06,"ADRA1A/ADRA1B/ADRA1D/AGT/AGTR1/CCL23/CHRM1/CYSLTR1/CYSLTR2/EDN1/EDN3/EDNRA/EDNRB/F2RL3/FFAR2/FPR2/GNA14/GNAQ/GNG11/GNG2/GNG7/GNGT2/GPR132/GPR17/GPR4/GPR65/GRK5/ITPR1/ITPR2/MGLL/NMUR1/P2RY10/PIK3R1/PLCB2/PRKCD/PRKCE/PRKCQ/PROK2/PTAFR/PTGFR/RASGRP2/RGS18/RGS2/RGS3/TACR1/TBXA2R/TRPC6",47
"R-HSA-6783783","R-HSA-6783783","Interleukin-10 signaling","23/1570","39/7582",1.89933244288626e-07,1.09038948880243e-05,9.12406589788422e-06,"CCL2/CCL3/CCL4/CCL5/CCR1/CCR2/CCR5/CD80/CD86/CSF1/CSF3/CXCL2/FPR1/ICAM1/IL10RA/IL1B/IL1R1/IL6/LIF/PTAFR/PTGS2/TNF/TNFRSF1B",23
"R-HSA-392154","R-HSA-392154","Nitric oxide stimulates guanylate cyclase","16/1570","22/7582",2.21630532539893e-07,1.21704070694733e-05,1.01838468956546e-05,"GUCY1A2/GUCY1A3/ITPR1/KCNMB1/KCNMB4/MRVI1/NOS1/NOS3/PDE1A/PDE1B/PDE2A/PDE3A/PDE3B/PDE5A/PRKG1/PRKG2",16
"R-HSA-114608","R-HSA-114608","Platelet degranulation ","46/1570","110/7582",3.47673889851755e-07,1.82963384534486e-05,1.53098502373317e-05,"A2M/ACTN2/ANXA5/APLP2/CD36/CD63/CFD/CLEC3B/CLU/CTSW/F13A1/F8/FERMT3/FGA/FGG/FN1/GAS6/HGF/IGF1/ITGB3/ITIH3/LEFTY2/LHFPL2/MMRN1/ORM1/ORM2/PDGFB/PF4/PHACTR2/PLEK/PPBP/PROS1/QSOX1/RARRES2/SELP/SERPINA1/SERPINF2/SERPING1/SRGN/TGFB2/THBS1/TIMP3/TLN1/TTN/VEGFC/VWF",46
"R-HSA-76005","R-HSA-76005","Response to elevated platelet cytosolic Ca2+","47/1570","114/7582",4.2972327893647e-07,2.17096200518704e-05,1.81659861916722e-05,"A2M/ACTN2/ANXA5/APLP2/CD36/CD63/CFD/CLEC3B/CLU/CTSW/F13A1/F8/FERMT3/FGA/FGG/FN1/GAS6/HGF/IGF1/ITGB3/ITIH3/LEFTY2/LHFPL2/MMRN1/ORM1/ORM2/PDGFB/PF4/PHACTR2/PLEK/PPBP/PRKCB/PROS1/QSOX1/RARRES2/SELP/SERPINA1/SERPINF2/SERPING1/SRGN/TGFB2/THBS1/TIMP3/TLN1/TTN/VEGFC/VWF",47
"R-HSA-5683826","R-HSA-5683826","Surfactant metabolism","16/1570","23/7582",5.88085869776582e-07,2.82093815498e-05,2.36047998299781e-05,"ABCA3/ADRA2A/CSF2RA/CSF2RB/CTSH/DMBT1/GATA6/LMCD1/NAPSA/SFTA3/SFTPA1/SFTPA2/SFTPB/SFTPC/SFTPD/SLC34A2",16
"R-HSA-881907","R-HSA-881907","Gastrin-CREB signalling pathway via PKC and MAPK","104/1570","324/7582",6.03050911990974e-07,2.82093815498e-05,2.36047998299781e-05,"ACTN2/ADRA1A/ADRA1B/ADRA1D/AGT/AGTR1/ANGPT1/APBB1IP/ARRB1/ARRB2/BTC/CCL23/CHRM1/CNKSR2/CSF2RA/CSF2RB/CYSLTR1/CYSLTR2/DUSP1/DUSP6/DUSP8/EDN1/EDN3/EDNRA/EDNRB/ERBB4/EREG/F2RL3/FFAR2/FGA/FGF10/FGF18/FGF2/FGF7/FGF9/FGFR4/FGG/FN1/FPR2/FYN/GFRA1/GFRA2/GNA14/GNAQ/GNG11/GNG2/GNG7/GNGT2/GPR132/GPR17/GPR4/GPR65/GRK5/HBEGF/HGF/IL2RB/IL2RG/IL3RA/ITGB3/ITPR1/ITPR2/JAK2/KIT/KL/MAPK3/MGLL/NCAM1/NMUR1/P2RY10/PDGFB/PDGFRA/PDGFRB/PIK3R1/PLCB2/PRKCD/PRKCE/PRKCQ/PROK2/PTAFR/PTGFR/RAP1A/RAPGEF2/RASA3/RASAL3/RASGRF1/RASGRP2/RASGRP3/RASGRP4/RGS18/RGS2/RGS3/RPS6KA1/RPS6KA2/SHC2/SHC3/SPRED1/SPTAN1/SPTBN1/TACR1/TBXA2R/TEK/TLN1/TRPC6/VWF",104
"R-HSA-166663","R-HSA-166663","Initial triggering of complement","13/1570","17/7582",1.26289572946202e-06,5.69656180825189e-05,4.76671921947318e-05,"C1QA/C1QB/C1QC/C2/C3/C4A/CFD/CFP/FCN1/FCN3/GZMM/MASP1/MASP2",13
"R-HSA-5688849","R-HSA-5688849","Defective CSF2RB causes pulmonary surfactant metabolism dysfunction 5 (SMDP5)","8/1570","8/7582",3.33252638334901e-06,0.000140299360738993,0.000117398473294119,"CSF2RA/CSF2RB/SFTA3/SFTPA1/SFTPA2/SFTPB/SFTPC/SFTPD",8
"R-HSA-5688890","R-HSA-5688890","Defective CSF2RA causes pulmonary surfactant metabolism dysfunction 4 (SMDP4)","8/1570","8/7582",3.33252638334901e-06,0.000140299360738993,0.000117398473294119,"CSF2RA/CSF2RB/SFTA3/SFTPA1/SFTPA2/SFTPB/SFTPC/SFTPD",8
"R-HSA-418457","R-HSA-418457","cGMP effects","12/1570","16/7582",4.71758699734695e-06,0.000192203625085458,0.000160830470130266,"ITPR1/KCNMB1/KCNMB4/MRVI1/PDE1A/PDE1B/PDE2A/PDE3A/PDE3B/PDE5A/PRKG1/PRKG2",12
"R-HSA-2022377","R-HSA-2022377","Metabolism of Angiotensinogen to Angiotensins","11/1570","14/7582",5.67797629983023e-06,0.000224102627083924,0.000187522638323341,"ACE/AGT/ANPEP/CPA3/CPB2/CTSD/CTSG/CTSZ/ENPEP/GZMH/MME",11
"R-HSA-2219530","R-HSA-2219530","Constitutive Signaling by Aberrant PI3K in Cancer","25/1570","51/7582",5.88415536676379e-06,0.000225202673582505,0.000188443125621398,"BTC/CD80/CD86/ERBB4/EREG/FGF10/FGF18/FGF2/FGF7/FGF9/FGFR4/FYN/GAB1/HBEGF/HGF/ICOS/KIT/KL/PDGFB/PDGFRA/PDGFRB/PIK3AP1/PIK3R1/TRAT1/VAV1",25
"R-HSA-391903","R-HSA-391903","Eicosanoid ligand-binding receptors","10/1570","12/7582",6.17812444691134e-06,0.000229499152248501,0.000192038295501517,"CYSLTR1/CYSLTR2/GPR17/PTGDR/PTGER2/PTGER3/PTGER4/PTGFR/PTGIR/TBXA2R",10
"R-HSA-216083","R-HSA-216083","Integrin cell surface interactions","34/1570","80/7582",7.60969913281921e-06,0.000274601428707162,0.000229778584341368,"CD47/COL13A1/COL4A3/COL4A4/COL6A6/COL8A1/FGA/FGG/FN1/ICAM1/ICAM2/ICAM3/ICAM5/ITGA1/ITGA10/ITGA3/ITGA4/ITGA7/ITGA8/ITGA9/ITGAL/ITGAM/ITGAX/ITGB2/ITGB3/ITGB6/LOC100505984/JAM2/JAM3/KDR/LUM/THBS1/VTN/VWF",34
"R-HSA-2142753","R-HSA-2142753","Arachidonic acid metabolism","22/1570","44/7582",1.42496897632487e-05,0.000499926615860643,0.000418324225798296,"ALOX15/ALOX15B/ALOX5/ALOX5AP/CYP1A1/CYP1B1/CYP2U1/CYP4B1/DPEP2/FAAH/GGT1/GGT2/LOC102724197/HPGD/HPGDS/LTA4H/PON3/PTGDS/PTGIS/PTGS1/PTGS2/TBXAS1",22
"R-HSA-3781865","R-HSA-3781865","Diseases of glycosylation","30/1570","69/7582",1.50963625568533e-05,0.000515316375927183,0.000431201934767589,"ADAMTS1/ADAMTS10/ADAMTS15/ADAMTS8/ADAMTS9/ADAMTSL2/ADAMTSL3/ADAMTSL4/CFP/CSPG4/DCN/FMOD/GPC3/LUM/MUC1/MUC15/MUC21/MUC5B/NOTCH4/OGN/OMD/PRELP/SDC2/SDC4/SEMA5A/SPON1/THBS1/THSD1/THSD4/THSD7A",30
"R-HSA-1247673","R-HSA-1247673","Erythrocytes take up oxygen and release carbon dioxide","7/1570","7/7582",1.61509196122001e-05,0.000523041319748942,0.000437665945766502,"AQP1/CA1/CA2/CA4/HBA1/HBA2/HBB",7
"R-HSA-391908","R-HSA-391908","Prostanoid ligand receptors","7/1570","7/7582",1.61509196122001e-05,0.000523041319748942,0.000437665945766502,"PTGDR/PTGER2/PTGER3/PTGER4/PTGFR/PTGIR/TBXA2R",7
"R-HSA-140877","R-HSA-140877","Formation of Fibrin Clot (Clotting Cascade)","15/1570","25/7582",2.0309555839671e-05,0.000630319350863528,0.000527433119362405,"A2M/F10/F11/F13A1/F8/FGA/FGG/PF4/PROS1/PRTN3/SERPIND1/SERPING1/TFPI/THBD/VWF",15
"R-HSA-2129379","R-HSA-2129379","Molecules associated with elastic fibres","19/1570","36/7582",2.04616733059419e-05,0.000630319350863528,0.000527433119362405,"BMP2/BMP4/EFEMP1/EFEMP2/ELN/EMILIN2/FBLN1/FBLN5/FBN3/FN1/ITGA8/ITGB3/ITGB6/LOC100505984/LTBP2/LTBP4/MFAP4/TGFB2/VTN",19
"R-HSA-6785807","R-HSA-6785807","Interleukin-4 and 13 signaling","37/1570","94/7582",2.49958013496758e-05,0.000751659454872393,0.000628967031455501,"ALOX15/ALOX5/CCL2/CD36/CEBPD/F13A1/FGF2/FN1/FOS/HGF/HMOX1/ICAM1/IL1B/IL2RG/IL4R/IL6/IL6R/ITGAM/ITGAX/ITGB2/JAK2/JUNB/LIF/MAOA/MCL1/MUC1/NDN/PIK3R1/PTGS2/RHOU/RORC/S1PR1/SOCS3/TNF/TNFRSF1B/VIM/ZEB1",37
"R-HSA-2172127","R-HSA-2172127","DAP12 interactions","95/1570","315/7582",3.32932394443221e-05,0.000977892126004157,0.000818272029427157,"ACTN2/ADCY4/ADCY6/ADCY7/ADCY8/ADCY9/AKT3/ANGPT1/APBB1IP/ARRB1/ARRB2/BTC/BTK/CD300E/CD300LB/CD80/CD86/CNKSR2/CSF2RA/CSF2RB/DUSP1/DUSP6/DUSP8/ERBB4/EREG/FGA/FGF10/FGF18/FGF2/FGF7/FGF9/FGFR4/FGG/FN1/FOXO4/FYN/GAB1/GFRA1/GFRA2/GRAP2/HBEGF/HGF/HLA-B/HLA-C/HLA-E/ICOS/IL2RB/IL2RG/IL3RA/ITGB3/ITPR1/ITPR2/JAK2/KIT/KL/KLRD1/LCP2/MAPK3/NCAM1/NR4A1/PDE1A/PDE1B/PDE1C/PDGFB/PDGFRA/PDGFRB/PIK3AP1/PIK3R1/PIP5K1B/PLCG2/PRKAR2B/PRKCD/PRKCE/RAP1A/RAPGEF2/RASA3/RASAL3/RASGRF1/RASGRP3/RASGRP4/SHC2/SHC3/SIGLEC14/SIRPB1/SPRED1/SPTAN1/SPTBN1/TEK/TLN1/TRAT1/TREM1/TREM2/TYROBP/VAV1/VWF",95
"R-HSA-5576891","R-HSA-5576891","Cardiac conduction","38/1570","100/7582",4.91114483795093e-05,0.00140972180234819,0.00117961469313463,"ABCC9/ATP1A2/ATP1B2/ATP2A3/CACNA1C/CACNA1D/CACNA2D2/CACNB2/CACNB4/CACNG4/CASQ2/CLIC2/CORIN/FGF14/FXYD1/FXYD6/HIPK1/ITPR1/ITPR2/KAT2B/KCND3/KCNE1/KCNJ12/KCNK17/KCNK3/KCNK5/KCNQ1/NOS1/NPR1/PLN/RYR2/SCN1A/SCN2B/SCN3B/SCN4B/SCN7A/SLC8A1/TBX5",38
"R-HSA-877300","R-HSA-877300","Interferon gamma signaling","32/1570","80/7582",6.00623627594576e-05,0.00168575031478211,0.00141058742012855,"CIITA/FCGR1A/GBP1/GBP3/GBP4/HLA-B/HLA-C/HLA-DPA1/HLA-DPB1/HLA-DQA1/HLA-DQA2/HLA-DQB1/HLA-DQB2/HLA-DRA/HLA-DRB1/HLA-DRB5/HLA-E/HLA-F/HLA-G/ICAM1/IRF1/IRF8/JAK2/MT2A/NCAM1/OASL/PRKCD/PTAFR/SOCS3/SP100/TRIM22/TRIM8",32
"R-HSA-194840","R-HSA-194840","Rho GTPase cycle","46/1570","130/7582",6.69427786501535e-05,0.00183801585728573,0.00153799885045204,"A2M/ABR/AKAP13/ARAP2/ARAP3/ARHGAP15/ARHGAP18/ARHGAP20/ARHGAP24/ARHGAP25/ARHGAP29/ARHGAP30/ARHGAP31/ARHGAP6/ARHGAP9/ARHGDIB/ARHGEF10/ARHGEF15/ARHGEF17/ARHGEF2/ARHGEF3/ARHGEF38/ARHGEF6/CHN2/LOC101928168/DLC1/FAM13B/FGD2/FGD3/FGD4/MYO9A/PREX1/RAC2/RHOB/RHOBTB1/RHOBTB2/RHOF/RHOH/RHOJ/RHOU/STARD13/STARD8/SYDE1/SYDE2/TAGAP/VAV1",46
"R-HSA-5687613","R-HSA-5687613","Diseases associated with surfactant metabolism","8/1570","10/7582",0.000100081801903433,0.00268943225114969,0.00225043962174796,"CSF2RA/CSF2RB/SFTA3/SFTPA1/SFTPA2/SFTPB/SFTPC/SFTPD",8
"R-HSA-388841","R-HSA-388841","Costimulation by the CD28 family","27/1570","65/7582",0.000104342555599126,0.002745513494202,0.00229736679433163,"AKT3/CD247/CD274/CD3D/CD3E/CD3G/CD4/CD80/CD86/FYN/GRAP2/HLA-DPA1/HLA-DPB1/HLA-DQA1/HLA-DQA2/HLA-DQB1/HLA-DQB2/HLA-DRA/HLA-DRB1/HLA-DRB5/ICOS/MAP3K8/PAK3/PDCD1LG2/PIK3R1/TNFRSF14/VAV1",27
"R-HSA-112316","R-HSA-112316","Neuronal System","70/1570","224/7582",0.00010911424624345,0.00281247536745873,0.0023533985655945,"ABCC8/ABCC9/ACTN2/ADCY4/ADCY6/ADCY7/ADCY8/ADCY9/AKAP5/ALDH2/ARL6IP5/BCHE/CACNA2D2/CACNB2/CACNB4/CACNG4/DLG2/EPB41L2/EPB41L3/EPB41L5/GABRB2/GLS/GNAI2/GNG11/GNG2/GNG7/GNGT2/GRIA1/GRIK4/KCNA3/KCNA5/KCNAB1/KCNAB2/KCNB1/KCND3/KCNJ12/KCNJ15/KCNJ5/KCNJ8/KCNK17/KCNK3/KCNMB1/KCNMB4/KCNN2/KCNN3/KCNQ1/KCNQ3/LIN7A/MAOA/NCALD/PLCB2/PPFIA2/PRKCB/RASGRF1/RPS6KA1/RPS6KA2/RRAS/SHANK2/SLC18A2/SLC1A1/SLC1A2/SLC1A7/SLC5A7/SLC6A1/SLC6A12/SLC6A4/STXBP1/TSPAN7/UNC13B/VAMP2",70
"R-HSA-140875","R-HSA-140875","Common Pathway of Fibrin Clot Formation","10/1570","15/7582",0.000151479736012328,0.00382637813167141,0.00320180326223953,"F10/F13A1/F8/FGA/FGG/PF4/PROS1/PRTN3/SERPIND1/THBD",10
"R-HSA-2029485","R-HSA-2029485","Role of phospholipids in phagocytosis","13/1570","23/7582",0.00017205239525303,0.00426082696479563,0.00356533756107414,"CD247/CD3G/FCGR1A/FCGR2A/FCGR2C/FCGR3A/ITPR1/ITPR2/PIK3R1/PLCG2/PLD4/PRKCD/PRKCE",13
"R-HSA-418346","R-HSA-418346","Platelet homeostasis","29/1570","74/7582",0.000200989483175439,0.0048817253317419,0.0040848874718247,"ATP2A3/FGR/GNG11/GNG2/GNG7/GNGT2/GUCY1A2/GUCY1A3/ITPR1/ITPR2/KCNMB1/KCNMB4/MRVI1/NOS1/NOS3/P2RX1/P2RX2/P2RX7/PDE1A/PDE1B/PDE2A/PDE3A/PDE3B/PDE5A/PRKG1/PRKG2/PTGIR/SLC8A1/TRPC6",29
"R-HSA-2029481","R-HSA-2029481","FCGR activation","9/1570","13/7582",0.000216917756699069,0.00516919107001745,0.00432543054073219,"CD247/CD3G/FCGR1A/FCGR2A/FCGR2C/FCGR3A/FGR/FYN/HCK",9
"R-HSA-1296071","R-HSA-1296071","Potassium Channels","23/1570","55/7582",0.000296823487612138,0.00694237157137278,0.00580917702851046,"ABCC8/ABCC9/GNG2/GNG7/GNGT2/KCNA3/KCNA5/KCNAB1/KCNAB2/KCNB1/KCND3/KCNJ12/KCNJ15/KCNJ5/KCNJ8/KCNK17/KCNK3/KCNMB1/KCNMB4/KCNN2/KCNN3/KCNQ1/KCNQ3",23
"R-HSA-112315","R-HSA-112315","Transmission across Chemical Synapses","48/1570","146/7582",0.00035581985223436,0.00782205679281689,0.00654527234236626,"ACTN2/ADCY4/ADCY6/ADCY7/ADCY8/ADCY9/AKAP5/ALDH2/ARL6IP5/BCHE/CACNA2D2/CACNB2/CACNB4/CACNG4/GABRB2/GLS/GNAI2/GNG11/GNG2/GNG7/GNGT2/GRIA1/GRIK4/KCNJ12/KCNJ15/KCNJ5/LIN7A/MAOA/NCALD/PLCB2/PPFIA2/PRKCB/RASGRF1/RPS6KA1/RPS6KA2/RRAS/SLC18A2/SLC1A1/SLC1A2/SLC1A7/SLC5A7/SLC6A1/SLC6A12/SLC6A4/STXBP1/TSPAN7/UNC13B/VAMP2",48
"R-HSA-166665","R-HSA-166665","Terminal pathway of complement","5/1570","5/7582",0.000378776841400695,0.00782205679281689,0.00654527234236626,"C5/C6/C7/C8B/CLU",5
"R-HSA-3656225","R-HSA-3656225","Defective CHST6 causes MCDC1","5/1570","5/7582",0.000378776841400695,0.00782205679281689,0.00654527234236626,"FMOD/LUM/OGN/OMD/PRELP",5
"R-HSA-3656243","R-HSA-3656243","Defective ST3GAL3 causes MCT12 and EIEE15","5/1570","5/7582",0.000378776841400695,0.00782205679281689,0.00654527234236626,"FMOD/LUM/OGN/OMD/PRELP",5
"R-HSA-3656244","R-HSA-3656244","Defective B4GALT1 causes B4GALT1-CDG (CDG-2d)","5/1570","5/7582",0.000378776841400695,0.00782205679281689,0.00654527234236626,"FMOD/LUM/OGN/OMD/PRELP",5
"R-HSA-432047","R-HSA-432047","Passive transport by Aquaporins","5/1570","5/7582",0.000378776841400695,0.00782205679281689,0.00654527234236626,"AQP1/AQP3/AQP4/AQP5/AQP9",5
"R-HSA-5683678","R-HSA-5683678","Defective ABCA3 causes pulmonary surfactant metabolism dysfunction type 3 (SMDP3)","5/1570","5/7582",0.000378776841400695,0.00782205679281689,0.00654527234236626,"SFTPA1/SFTPA2/SFTPB/SFTPC/SFTPD",5
"R-HSA-422356","R-HSA-422356","Regulation of insulin secretion","26/1570","66/7582",0.000383980618491407,0.00782205679281689,0.00654527234236626,"ABCC8/ADCY6/ADCY8/ADRA2A/AKAP5/CACNA1C/CACNA1D/CACNA2D2/CACNB2/GNA14/GNAI2/GNAQ/GNG11/GNG2/GNG7/GNGT2/ITPR1/ITPR2/KCNB1/PLCB2/PRKAR2B/RAP1A/RAPGEF3/RAPGEF4/STXBP1/VAMP2",26
"R-HSA-166786","R-HSA-166786","Creation of C4 and C2 activators","7/1570","9/7582",0.000390727589769144,0.00783315787108618,0.00655456140565114,"C1QA/C1QB/C1QC/FCN1/FCN3/MASP1/MASP2",7
"R-HSA-416700","R-HSA-416700","Other semaphorin interactions","11/1570","19/7582",0.00041817153747059,0.008125394643467,0.00679909673879308,"ITGA1/PLXNA2/PLXNA4/PLXNC1/PLXND1/PTPRC/SEMA3E/SEMA5A/SEMA6A/TREM2/TYROBP",11
"R-HSA-5621480","R-HSA-5621480","Dectin-2 family","11/1570","19/7582",0.00041817153747059,0.008125394643467,0.00679909673879308,"CLEC10A/CLEC4A/CLEC4D/CLEC4E/FCER1G/FYN/MUC1/MUC15/MUC21/MUC5B/PLCG2",11
"R-HSA-1566948","R-HSA-1566948","Elastic fibre formation","19/1570","43/7582",0.000426988031008309,0.00817099822974991,0.00683725650928775,"BMP2/BMP4/EFEMP1/EFEMP2/ELN/EMILIN2/FBLN1/FBLN5/FBN3/FN1/ITGA8/ITGB3/ITGB6/LOC100505984/LTBP2/LTBP4/MFAP4/TGFB2/VTN",19
"R-HSA-2424491","R-HSA-2424491","DAP12 signaling","88/1570","307/7582",0.000445026603034956,0.00837180864912433,0.00700528889754622,"ACTN2/ADCY4/ADCY6/ADCY7/ADCY8/ADCY9/AKT3/ANGPT1/APBB1IP/ARRB1/ARRB2/BTC/BTK/CD80/CD86/CNKSR2/CSF2RA/CSF2RB/DUSP1/DUSP6/DUSP8/ERBB4/EREG/FGA/FGF10/FGF18/FGF2/FGF7/FGF9/FGFR4/FGG/FN1/FOXO4/FYN/GAB1/GFRA1/GFRA2/GRAP2/HBEGF/HGF/HLA-E/ICOS/IL2RB/IL2RG/IL3RA/ITGB3/ITPR1/ITPR2/JAK2/KIT/KL/KLRD1/LCP2/MAPK3/NCAM1/NR4A1/PDE1A/PDE1B/PDE1C/PDGFB/PDGFRA/PDGFRB/PIK3AP1/PIK3R1/PIP5K1B/PLCG2/PRKAR2B/PRKCD/PRKCE/RAP1A/RAPGEF2/RASA3/RASAL3/RASGRF1/RASGRP3/RASGRP4/SHC2/SHC3/SPRED1/SPTAN1/SPTBN1/TEK/TLN1/TRAT1/TREM2/TYROBP/VAV1/VWF",88
"R-HSA-390696","R-HSA-390696","Adrenoceptors","6/1570","7/7582",0.000450738707949687,0.00837180864912433,0.00700528889754622,"ADRA1A/ADRA1B/ADRA1D/ADRA2A/ADRB1/ADRB2",6
"R-HSA-3906995","R-HSA-3906995","Diseases associated with O-glycosylation of proteins","20/1570","47/7582",0.000553718999569082,0.0101354651660254,0.00848106598882316,"ADAMTS1/ADAMTS10/ADAMTS15/ADAMTS8/ADAMTS9/ADAMTSL2/ADAMTSL3/ADAMTSL4/CFP/MUC1/MUC15/MUC21/MUC5B/NOTCH4/SEMA5A/SPON1/THBS1/THSD1/THSD4/THSD7A",20
"R-HSA-5173105","R-HSA-5173105","O-linked glycosylation","30/1570","82/7582",0.000630827711700784,0.0113819342839727,0.00952407552703138,"ADAMTS1/ADAMTS10/ADAMTS15/ADAMTS8/ADAMTS9/ADAMTSL2/ADAMTSL3/ADAMTSL4/B3GNT7/B3GNT8/CFP/GALNT10/GALNT12/GALNT13/GALNT5/GCNT4/MUC1/MUC15/MUC21/MUC5B/SEMA5A/SPON1/ST3GAL2/ST6GAL1/ST6GALNAC3/ST6GALNAC4/THBS1/THSD1/THSD4/THSD7A",30
"R-HSA-6811558","R-HSA-6811558","PI5P, PP2A and IER3 Regulate PI3K/AKT Signaling","27/1570","72/7582",0.000746592921967694,0.0131927262008377,0.0110392941664717,"BTC/CD80/CD86/ERBB4/EREG/FGF10/FGF18/FGF2/FGF7/FGF9/FGFR4/FYN/GAB1/HBEGF/HGF/ICOS/KIT/KL/MAPK3/PDGFB/PDGFRA/PDGFRB/PIK3AP1/PIK3R1/PIP5K1B/TRAT1/VAV1",27
"R-HSA-2173782","R-HSA-2173782","Binding and Uptake of Ligands by Scavenger Receptors","16/1570","35/7582",0.000762524950642241,0.0131927262008377,0.0110392941664717,"CD163/CD36/COLEC12/HBA1/HBA2/HBB/HP/LRP1/MARCO/MASP1/MSR1/SCARA5/SCARF1/SCGB3A2/STAB1/STAB2",16
"R-HSA-6803157","R-HSA-6803157","Antimicrobial peptides","16/1570","35/7582",0.000762524950642241,0.0131927262008377,0.0110392941664717,"BPI/CCR2/CD4/CLU/CTSG/DEFA4/ELANE/GNLY/ITLN1/LYZ/PGLYRP1/PLA2G2A/PRTN3/RNASE6/SLC11A1/TLR2",16
"R-HSA-5083635","R-HSA-5083635","Defective B3GALTL causes Peters-plus syndrome (PpS)","15/1570","32/7582",0.000802673241533632,0.0136996797845537,0.0114634983570379,"ADAMTS1/ADAMTS10/ADAMTS15/ADAMTS8/ADAMTS9/ADAMTSL2/ADAMTSL3/ADAMTSL4/CFP/SEMA5A/SPON1/THBS1/THSD1/THSD4/THSD7A",15
"R-HSA-2219528","R-HSA-2219528","PI3K/AKT Signaling in Cancer","28/1570","76/7582",0.000832075643692985,0.0140121538397899,0.0117249676669159,"AKT3/BTC/CD80/CD86/ERBB4/EREG/FGF10/FGF18/FGF2/FGF7/FGF9/FGFR4/FOXO4/FYN/GAB1/HBEGF/HGF/ICOS/KIT/KL/NR4A1/PDGFB/PDGFRA/PDGFRB/PIK3AP1/PIK3R1/TRAT1/VAV1",28
"R-HSA-422475","R-HSA-422475","Axon guidance","128/1570","482/7582",0.000857294581126859,0.0142468823153056,0.0119213817098527,"ABLIM3/ACTN2/AGAP2/ANGPT1/ANK2/ANK3/APBB1IP/APH1B/ARRB1/ARRB2/BTC/CACNA1C/CACNA1D/CACNA1H/CACNB2/CACNB4/CNKSR2/CNTN6/COL4A3/COL4A4/COL6A6/CSF2RA/CSF2RB/DCC/DNM3/DOK1/DOK2/DOK4/DOK6/DPYSL2/DUSP1/DUSP6/DUSP8/EPHA3/ERBB4/EREG/EVL/FES/FGA/FGF10/FGF18/FGF2/FGF7/FGF9/FGFR4/FGG/FN1/FYN/GAB1/GAB2/GFRA1/GFRA2/HBEGF/HGF/IL2RB/IL2RG/IL3RA/ITGA1/ITGA10/ITGA9/ITGB3/JAK2/KCNQ3/KDR/KIT/KL/MAPK3/MSN/MYH10/MYH11/MYL9/NCAM1/NFASC/NRP1/NRP2/NTN4/PAK3/PDGFB/PDGFRA/PDGFRB/PIK3R1/PLXNA2/PLXNA4/PLXNC1/PLXND1/PRKCQ/PTPRC/RAC2/RAP1A/RAP1GAP/RAPGEF2/RASA3/RASAL3/RASGRF1/RASGRP3/RASGRP4/RHOB/RND1/ROBO2/RPS6KA1/RPS6KA2/RRAS/SCN1A/SCN2B/SCN3B/SCN4B/SCN7A/SDC2/SDCBP/SEMA3E/SEMA5A/SEMA6A/SHC2/SHC3/SLIT2/SLIT3/SPRED1/SPTAN1/SPTBN1/ST8SIA4/TEK/TLN1/TREM2/TRPC6/TUBA1A/TYROBP/UNC5C/VWF",128
"R-HSA-5686938","R-HSA-5686938","Regulation of TLR by endogenous ligand","9/1570","15/7582",0.00101210882767277,0.0166012136279313,0.0138914184960145,"CD14/CD36/FGA/FGG/SFTPA1/SFTPA2/SFTPD/TLR2/TLR4",9
"R-HSA-1237044","R-HSA-1237044","Erythrocytes take up carbon dioxide and release oxygen","7/1570","10/7582",0.00106890109478914,0.0170888871230212,0.0142994896624689,"AQP1/CA1/CA2/CA4/HBA1/HBA2/HBB",7
"R-HSA-1480926","R-HSA-1480926","O2/CO2 exchange in erythrocytes","7/1570","10/7582",0.00106890109478914,0.0170888871230212,0.0142994896624689,"AQP1/CA1/CA2/CA4/HBA1/HBA2/HBB",7
"R-HSA-2871809","R-HSA-2871809","FCERI mediated Ca+2 mobilization","15/1570","33/7582",0.00119304890662141,0.0186027255439857,0.0155662261500701,"BTK/FCER1A/FCER1G/GRAP2/ITK/ITPR1/ITPR2/LCP2/MS4A2/NFATC1/NFATC2/PLCG2/TEC/TXK/VAV1",15
"R-HSA-5173214","R-HSA-5173214","O-glycosylation of TSR domain-containing proteins","15/1570","33/7582",0.00119304890662141,0.0186027255439857,0.0155662261500701,"ADAMTS1/ADAMTS10/ADAMTS15/ADAMTS8/ADAMTS9/ADAMTSL2/ADAMTSL3/ADAMTSL4/CFP/SEMA5A/SPON1/THBS1/THSD1/THSD4/THSD7A",15
"R-HSA-1500931","R-HSA-1500931","Cell-Cell communication","36/1570","108/7582",0.00141082254232123,0.021730108182338,0.0181831300704816,"ACTN2/ANG/ARHGEF6/CADM1/CADM3/CD151/CD47/CDH11/CDH5/CDH6/CLDN11/LOC101928583/CLDN18/CLDN23/CLDN3/CLDN5/CLDN9/DCC/DSCAML1/FERMT2/FLNC/FYN/ILK/LIMS2/PARD6B/PIK3R1/RSU1/SFTPA1/SFTPA2/SFTPD/SIRPA/SIRPB1/SKAP2/SPTAN1/SPTBN1/TYROBP",36
"R-HSA-1236973","R-HSA-1236973","Cross-presentation of particulate exogenous antigens (phagosomes)","6/1570","8/7582",0.00148531581515627,0.0220700455828514,0.0184675799184755,"CD36/CYBA/CYBB/NCF1/NCF2/NCF4",6
"R-HSA-1236977","R-HSA-1236977","Endosomal/Vacuolar pathway","6/1570","8/7582",0.00148531581515627,0.0220700455828514,0.0184675799184755,"CTSS/HLA-B/HLA-C/HLA-E/HLA-F/HLA-G",6
"R-HSA-2168880","R-HSA-2168880","Scavenging of heme from plasma","6/1570","8/7582",0.00148531581515627,0.0220700455828514,0.0184675799184755,"CD163/HBA1/HBA2/HBB/HP/LRP1",6
"R-HSA-114604","R-HSA-114604","GPVI-mediated activation cascade","19/1570","47/7582",0.00158988335372392,0.0233491008808525,0.0195378566357261,"AKT3/CSF2RA/CSF2RB/FCER1G/FYN/GAB2/IL2RB/IL2RG/IL3RA/JAK2/LCP2/PIK3CG/PIK3R1/PIK3R5/PLCG2/PRKCZ/RAC2/RHOB/VAV1",19
"R-HSA-194138","R-HSA-194138","Signaling by VEGF","83/1570","298/7582",0.00163622360063443,0.0237523388114029,0.0198752745481923,"ACTN2/AKT3/ANGPT1/APBB1IP/ARRB1/ARRB2/AXL/BTC/CAV1/CDH5/CNKSR2/CSF2RA/CSF2RB/CYBA/CYBB/CYFIP2/DUSP1/DUSP6/DUSP8/ELMO1/ERBB4/EREG/FGA/FGF10/FGF18/FGF2/FGF7/FGF9/FGFR4/FGG/FLT1/FLT4/FN1/FYN/GFRA1/GFRA2/HBEGF/HGF/IL2RB/IL2RG/IL3RA/ITGB3/ITPR1/ITPR2/JAK2/KDR/KIT/KL/MAPK3/NCAM1/NCF1/NCF2/NCF4/NCKAP1L/NOS3/NRP1/NRP2/PAK3/PDGFB/PDGFRA/PDGFRB/PIK3R1/PRKCB/PRKCD/PRKCZ/RAP1A/RAPGEF2/RASA3/RASAL3/RASGRF1/RASGRP3/RASGRP4/SHC2/SHC3/SPRED1/SPTAN1/SPTBN1/TEK/TLN1/VAV1/VEGFC/VWF/WASF3",83
"R-HSA-199418","R-HSA-199418","Negative regulation of the PI3K/AKT network","28/1570","79/7582",0.0016549531396702,0.0237523388114029,0.0198752745481923,"AKT3/BTC/CD80/CD86/ERBB4/EREG/FGF10/FGF18/FGF2/FGF7/FGF9/FGFR4/FYN/GAB1/HBEGF/HGF/ICOS/KIT/KL/MAPK3/PDGFB/PDGFRA/PDGFRB/PIK3AP1/PIK3R1/PIP5K1B/TRAT1/VAV1",28
"R-HSA-166662","R-HSA-166662","Lectin pathway of complement activation","4/1570","4/7582",0.00183293161183555,0.0250367344631612,0.0209500199200015,"FCN1/FCN3/MASP1/MASP2",4
"R-HSA-194306","R-HSA-194306","Neurophilin interactions with VEGF and VEGFR","4/1570","4/7582",0.00183293161183555,0.0250367344631612,0.0209500199200015,"FLT1/KDR/NRP1/NRP2",4
"R-HSA-2855086","R-HSA-2855086","Ficolins bind to repetitive carbohydrate structures on the target cell surface","4/1570","4/7582",0.00183293161183555,0.0250367344631612,0.0209500199200015,"FCN1/FCN3/MASP1/MASP2",4
"R-HSA-70921","R-HSA-70921","Histidine catabolism","4/1570","4/7582",0.00183293161183555,0.0250367344631612,0.0209500199200015,"CARNS1/HAL/HDC/HNMT",4
"R-HSA-373755","R-HSA-373755","Semaphorin interactions","24/1570","65/7582",0.00184356001985272,0.0250367344631612,0.0209500199200015,"DPYSL2/FES/FYN/ITGA1/MYH10/MYH11/MYL9/NRP1/PAK3/PLXNA2/PLXNA4/PLXNC1/PLXND1/PTPRC/RAC2/RHOB/RND1/RRAS/SEMA3E/SEMA5A/SEMA6A/TLN1/TREM2/TYROBP",24
"R-HSA-174577","R-HSA-174577","Activation of C3 and C5","5/1570","6/7582",0.00188148660153068,0.0251319287355549,0.0210296757515499,"C2/C3/C4A/C5/CFP",5
"R-HSA-2142691","R-HSA-2142691","Synthesis of Leukotrienes (LT) and Eoxins (EX)","9/1570","16/7582",0.00189036676949938,0.0251319287355549,0.0210296757515499,"ALOX15/ALOX5/ALOX5AP/CYP4B1/DPEP2/GGT1/GGT2/LOC102724197/LTA4H",9
"R-HSA-445717","R-HSA-445717","Aquaporin-mediated transport","16/1570","38/7582",0.00222250553640645,0.0292398384633474,0.024467056563071,"ADCY4/ADCY6/ADCY7/ADCY8/ADCY9/AQP1/AQP3/AQP4/AQP5/AQP9/GNG11/GNG2/GNG7/GNGT2/PRKAR2B/RAB11FIP2",16
"R-HSA-167021","R-HSA-167021","PLC-gamma1 signalling","14/1570","32/7582",0.00269684822316137,0.0351146320191011,0.0293829149870213,"ADCY4/ADCY6/ADCY7/ADCY8/ADCY9/ITPR1/ITPR2/NTRK1/PDE1A/PDE1B/PDE1C/PRKAR2B/PRKCD/PRKCE",14
"R-HSA-354194","R-HSA-354194","GRB2:SOS provides linkage to MAPK signaling for Integrins ","8/1570","14/7582",0.00299761650674293,0.0371175455687874,0.0310588954878214,"APBB1IP/FGA/FGG/FN1/ITGB3/RAP1A/TLN1/VWF",8
"R-HSA-372708","R-HSA-372708","p130Cas linkage to MAPK signaling for integrins","8/1570","14/7582",0.00299761650674293,0.0371175455687874,0.0310588954878214,"APBB1IP/FGA/FGG/FN1/ITGB3/RAP1A/TLN1/VWF",8
"R-HSA-375280","R-HSA-375280","Amine ligand-binding receptors","8/1570","14/7582",0.00299761650674293,0.0371175455687874,0.0310588954878214,"ADRA1A/ADRA1B/ADRA1D/ADRA2A/ADRB1/ADRB2/CHRM1/CHRM2",8
"R-HSA-391160","R-HSA-391160","Signal regulatory protein (SIRP) family interactions","8/1570","14/7582",0.00299761650674293,0.0371175455687874,0.0310588954878214,"CD47/SFTPA1/SFTPA2/SFTPD/SIRPA/SIRPB1/SKAP2/TYROBP",8
"R-HSA-399955","R-HSA-399955","SEMA3A-Plexin repulsion signaling by inhibiting Integrin adhesion","8/1570","14/7582",0.00299761650674293,0.0371175455687874,0.0310588954878214,"FES/FYN/NRP1/PLXNA2/PLXNA4/RND1/RRAS/TLN1",8
